Workbook

Sheet Base_Vendas
A1: Data | B1: Mês | C1: ID_Venda | D1: Vendedor | E1: Regiao | F1: Canal | G1: SKU | H1: Quantidade | I1: Desconto_Pct | J1: Produto | K1: Categoria | L1: Preco_Unitario | M1: Faturamento_Bruto | N1: Valor_Desconto | O1: Faturamento_Liquido | P1: Faixa_Venda
A2: 46026 | B2: =DATE(YEAR(tbVendas[[#This Row],[Data]]),MONTH(tbVendas[[#This Row],[Data]]),1) -> 46023 | C2: V0008 | D2: Diego | E2: Sul | F2: Parceiro | G2: P002 | H2: 4 | I2: 0.1 | J2: =_xlfn.XLOOKUP(tbVendas[[#This Row],[SKU]],tbProdutos[SKU],tbProdutos[Produto]) -> Monitor 24 | K2: =_xlfn.XLOOKUP(tbVendas[[#This Row],[SKU]],tbProdutos[SKU],tbProdutos[Categoria]) -> Informática | L2: =_xlfn.XLOOKUP(tbVendas[[#This Row],[SKU]],tbProdutos[SKU],tbProdutos[Preco_Unitario]) -> 850 | M2: =tbVendas[[#This Row],[Quantidade]]*tbVendas[[#This Row],[Preco_Unitario]] -> 3400 | N2: =tbVendas[[#This Row],[Faturamento_Bruto]]*tbVendas[[#This Row],[Desconto_Pct]] -> 340 | O2: =tbVendas[[#This Row],[Faturamento_Bruto]]-tbVendas[[#This Row],[Valor_Desconto]] -> 3060 | P2: =IF(tbVendas[[#This Row],[Faturamento_Liquido]]>=2000,"Alto Valor","Regular") -> Alto Valor
A3: 46026 | B3: =DATE(YEAR(tbVendas[[#This Row],[Data]]),MONTH(tbVendas[[#This Row],[Data]]),1) -> 46023 | C3: V0051 | D3: Carla | E3: Nordeste | F3: Loja | G3: P001 | H3: 1 | I3: 0.05 | J3: =_xlfn.XLOOKUP(tbVendas[[#This Row],[SKU]],tbProdutos[SKU],tbProdutos[Produto]) -> Notebook Basic | K3: =_xlfn.XLOOKUP(tbVendas[[#This Row],[SKU]],tbProdutos[SKU],tbProdutos[Categoria]) -> Informática | L3: =_xlfn.XLOOKUP(tbVendas[[#This Row],[SKU]],tbProdutos[SKU],tbProdutos[Preco_Unitario]) -> 2800 | M3: =tbVendas[[#This Row],[Quantidade]]*tbVendas[[#This Row],[Preco_Unitario]] -> 2800 | N3: =tbVendas[[#This Row],[Faturamento_Bruto]]*tbVendas[[#This Row],[Desconto_Pct]] -> 140 | O3: =tbVendas[[#This Row],[Faturamento_Bruto]]-tbVendas[[#This Row],[Valor_Desconto]] -> 2660 | P3: =IF(tbVendas[[#This Row],[Faturamento_Liquido]]>=2000,"Alto Valor","Regular") -> Alto Valor
A4: 46033 | B4: =DATE(YEAR(tbVendas[[#This Row],[Data]]),MONTH(tbVendas[[#This Row],[Data]]),1) -> 46023 | C4: V0023 | D4: Carla | E4: Nordeste | F4: Parceiro | G4: P003 | H4: 4 | I4: 0.1 | J4: =_xlfn.XLOOKUP(tbVendas[[#This Row],[SKU]],tbProdutos[SKU],tbProdutos[Produto]) -> Headset Pro | K4: =_xlfn.XLOOKUP(tbVendas[[#This Row],[SKU]],tbProdutos[SKU],tbProdutos[Categoria]) -> Acessórios | L4: =_xlfn.XLOOKUP(tbVendas[[#This Row],[SKU]],tbProdutos[SKU],tbProdutos[Preco_Unitario]) -> 220 | M4: =tbVendas[[#This Row],[Quantidade]]*tbVendas[[#This Row],[Preco_Unitario]] -> 880 | N4: =tbVendas[[#This Row],[Faturamento_Bruto]]*tbVendas[[#This Row],[Desconto_Pct]] -> 88 | O4: =tbVendas[[#This Row],[Faturamento_Bruto]]-tbVendas[[#This Row],[Valor_Desconto]] -> 792 | P4: =IF(tbVendas[[#This Row],[Faturamento_Liquido]]>=2000,"Alto Valor","Regular") -> Regular
A5: 46036 | B5: =DATE(YEAR(tbVendas[[#This Row],[Data]]),MONTH(tbVendas[[#This Row],[Data]]),1) -> 46023 | C5: V0012 | D5: Diego | E5: Sul | F5: Loja | G5: P006 | H5: 4 | I5: 0 | J5: =_xlfn.XLOOKUP(tbVendas[[#This Row],[SKU]],tbProdutos[SKU],tbProdutos[Produto]) -> Mesa Compacta | K5: =_xlfn.XLOOKUP(tbVendas[[#This Row],[SKU]],tbProdutos[SKU],tbProdutos[Categoria]) -> Escritório | L5: =_xlfn.XLOOKUP(tbVendas[[#This Row],[SKU]],tbProdutos[SKU],tbProdutos[Preco_Unitario]) -> 520 | M5: =tbVendas[[#This Row],[Quantidade]]*tbVendas[[#This Row],[Preco_Unitario]] -> 2080 | N5: =tbVendas[[#This Row],[Faturamento_Bruto]]*tbVendas[[#This Row],[Desconto_Pct]] -> 0 | O5: =tbVendas[[#This Row],[Faturamento_Bruto]]-tbVendas[[#This Row],[Valor_Desconto]] -> 2080 | P5: =IF(tbVendas[[#This Row],[Faturamento_Liquido]]>=2000,"Alto Valor","Regular") -> Alto Valor
A6: 46039 | B6: =DATE(YEAR(tbVendas[[#This Row],[Data]]),MONTH(tbVendas[[#This Row],[Data]]),1) -> 46023 | C6: V0042 | D6: Bruno | E6: Centro-Oeste | F6: Loja | G6: P002 | H6: 5 | I6: 0 | J6: =_xlfn.XLOOKUP(tbVendas[[#This Row],[SKU]],tbProdutos[SKU],tbProdutos[Produto]) -> Monitor 24 | K6: =_xlfn.XLOOKUP(tbVendas[[#This Row],[SKU]],tbProdutos[SKU],tbProdutos[Categoria]) -> Informática | L6: =_xlfn.XLOOKUP(tbVendas[[#This Row],[SKU]],tbProdutos[SKU],tbProdutos[Preco_Unitario]) -> 850 | M6: =tbVendas[[#This Row],[Quantidade]]*tbVendas[[#This Row],[Preco_Unitario]] -> 4250 | N6: =tbVendas[[#This Row],[Faturamento_Bruto]]*tbVendas[[#This Row],[Desconto_Pct]] -> 0 | O6: =tbVendas[[#This Row],[Faturamento_Bruto]]-tbVendas[[#This Row],[Valor_Desconto]] -> 4250 | P6: =IF(tbVendas[[#This Row],[Faturamento_Liquido]]>=2000,"Alto Valor","Regular") -> Alto Valor
A7: 46041 | B7: =DATE(YEAR(tbVendas[[#This Row],[Data]]),MONTH(tbVendas[[#This Row],[Data]]),1) -> 46023 | C7: V0024 | D7: Diego | E7: Sul | F7: Loja | G7: P002 | H7: 5 | I7: 0.1 | J7: =_xlfn.XLOOKUP(tbVendas[[#This Row],[SKU]],tbProdutos[SKU],tbProdutos[Produto]) -> Monitor 24 | K7: =_xlfn.XLOOKUP(tbVendas[[#This Row],[SKU]],tbProdutos[SKU],tbProdutos[Categoria]) -> Informática | L7: =_xlfn.XLOOKUP(tbVendas[[#This Row],[SKU]],tbProdutos[SKU],tbProdutos[Preco_Unitario]) -> 850 | M7: =tbVendas[[#This Row],[Quantidade]]*tbVendas[[#This Row],[Preco_Unitario]] -> 4250 | N7: =tbVendas[[#This Row],[Faturamento_Bruto]]*tbVendas[[#This Row],[Desconto_Pct]] -> 425 | O7: =tbVendas[[#This Row],[Faturamento_Bruto]]-tbVendas[[#This Row],[Valor_Desconto]] -> 3825 | P7: =IF(tbVendas[[#This Row],[Faturamento_Liquido]]>=2000,"Alto Valor","Regular") -> Alto Valor
A8: 46042 | B8: =DATE(YEAR(tbVendas[[#This Row],[Data]]),MONTH(tbVendas[[#This Row],[Data]]),1) -> 46023 | C8: V0015 | D8: Carla | E8: Nordeste | F8: Loja | G8: P001 | H8: 2 | I8: 0.1 | J8: =_xlfn.XLOOKUP(tbVendas[[#This Row],[SKU]],tbProdutos[SKU],tbProdutos[Produto]) -> Notebook Basic | K8: =_xlfn.XLOOKUP(tbVendas[[#This Row],[SKU]],tbProdutos[SKU],tbProdutos[Categoria]) -> Informática | L8: =_xlfn.XLOOKUP(tbVendas[[#This Row],[SKU]],tbProdutos[SKU],tbProdutos[Preco_Unitario]) -> 2800 | M8: =tbVendas[[#This Row],[Quantidade]]*tbVendas[[#This Row],[Preco_Unitario]] -> 5600 | N8: =tbVendas[[#This Row],[Faturamento_Bruto]]*tbVendas[[#This Row],[Desconto_Pct]] -> 560 | O8: =tbVendas[[#This Row],[Faturamento_Bruto]]-tbVendas[[#This Row],[Valor_Desconto]] -> 5040 | P8: =IF(tbVendas[[#This Row],[Faturamento_Liquido]]>=2000,"Alto Valor","Regular") -> Alto Valor
A9: 46042 | B9: =DATE(YEAR(tbVendas[[#This Row],[Data]]),MONTH(tbVendas[[#This Row],[Data]]),1) -> 46023 | C9: V0052 | D9: Diego | E9: Sul | F9: Online | G9: P001 | H9: 3 | I9: 0 | J9: =_xlfn.XLOOKUP(tbVendas[[#This Row],[SKU]],tbProdutos[SKU],tbProdutos[Produto]) -> Notebook Basic | K9: =_xlfn.XLOOKUP(tbVendas[[#This Row],[SKU]],tbProdutos[SKU],tbProdutos[Categoria]) -> Informática | L9: =_xlfn.XLOOKUP(tbVendas[[#This Row],[SKU]],tbProdutos[SKU],tbProdutos[Preco_Unitario]) -> 2800 | M9: =tbVendas[[#This Row],[Quantidade]]*tbVendas[[#This Row],[Preco_Unitario]] -> 8400 | N9: =tbVendas[[#This Row],[Faturamento_Bruto]]*tbVendas[[#This Row],[Desconto_Pct]] -> 0 | O9: =tbVendas[[#This Row],[Faturamento_Bruto]]-tbVendas[[#This Row],[Valor_Desconto]] -> 8400 | P9: =IF(tbVendas[[#This Row],[Faturamento_Liquido]]>=2000,"Alto Valor","Regular") -> Alto Valor
A10: 46045 | B10: =DATE(YEAR(tbVendas[[#This Row],[Data]]),MONTH(tbVendas[[#This Row],[Data]]),1) -> 46023 | C10: V0016 | D10: Diego | E10: Sul | F10: Online | G10: P002 | H10: 1 | I10: 0.15 | J10: =_xlfn.XLOOKUP(tbVendas[[#This Row],[SKU]],tbProdutos[SKU],tbProdutos[Produto]) -> Monitor 24 | K10: =_xlfn.XLOOKUP(tbVendas[[#This Row],[SKU]],tbProdutos[SKU],tbProdutos[Categoria]) -> Informática | L10: =_xlfn.XLOOKUP(tbVendas[[#This Row],[SKU]],tbProdutos[SKU],tbProdutos[Preco_Unitario]) -> 850 | M10: =tbVendas[[#This Row],[Quantidade]]*tbVendas[[#This Row],[Preco_Unitario]] -> 850 | N10: =tbVendas[[#This Row],[Faturamento_Bruto]]*tbVendas[[#This Row],[Desconto_Pct]] -> 127.5 | O10: =tbVendas[[#This Row],[Faturamento_Bruto]]-tbVendas[[#This Row],[Valor_Desconto]] -> 722.5 | P10: =IF(tbVendas[[#This Row],[Faturamento_Liquido]]>=2000,"Alto Valor","Regular") -> Regular
A11: 46046 | B11: =DATE(YEAR(tbVendas[[#This Row],[Data]]),MONTH(tbVendas[[#This Row],[Data]]),1) -> 46023 | C11: V0043 | D11: Carla | E11: Nordeste | F11: Online | G11: P006 | H11: 4 | I11: 0 | J11: =_xlfn.XLOOKUP(tbVendas[[#This Row],[SKU]],tbProdutos[SKU],tbProdutos[Produto]) -> Mesa Compacta | K11: =_xlfn.XLOOKUP(tbVendas[[#This Row],[SKU]],tbProdutos[SKU],tbProdutos[Categoria]) -> Escritório | L11: =_xlfn.XLOOKUP(tbVendas[[#This Row],[SKU]],tbProdutos[SKU],tbProdutos[Preco_Unitario]) -> 520 | M11: =tbVendas[[#This Row],[Quantidade]]*tbVendas[[#This Row],[Preco_Unitario]] -> 2080 | N11: =tbVendas[[#This Row],[Faturamento_Bruto]]*tbVendas[[#This Row],[Desconto_Pct]] -> 0 | O11: =tbVendas[[#This Row],[Faturamento_Bruto]]-tbVendas[[#This Row],[Valor_Desconto]] -> 2080 | P11: =IF(tbVendas[[#This Row],[Faturamento_Liquido]]>=2000,"Alto Valor","Regular") -> Alto Valor
A12: 46048 | B12: =DATE(YEAR(tbVendas[[#This Row],[Data]]),MONTH(tbVendas[[#This Row],[Data]]),1) -> 46023 | C12: V0005 | D12: Ana | E12: Sudeste | F12: Parceiro | G12: P002 | H12: 2 | I12: 0 | J12: =_xlfn.XLOOKUP(tbVendas[[#This Row],[SKU]],tbProdutos[SKU],tbProdutos[Produto]) -> Monitor 24 | K12: =_xlfn.XLOOKUP(tbVendas[[#This Row],[SKU]],tbProdutos[SKU],tbProdutos[Categoria]) -> Informática | L12: =_xlfn.XLOOKUP(tbVendas[[#This Row],[SKU]],tbProdutos[SKU],tbProdutos[Preco_Unitario]) -> 850 | M12: =tbVendas[[#This Row],[Quantidade]]*tbVendas[[#This Row],[Preco_Unitario]] -> 1700 | N12: =tbVendas[[#This Row],[Faturamento_Bruto]]*tbVendas[[#This Row],[Desconto_Pct]] -> 0 | O12: =tbVendas[[#This Row],[Faturamento_Bruto]]-tbVendas[[#This Row],[Valor_Desconto]] -> 1700 | P12: =IF(tbVendas[[#This Row],[Faturamento_Liquido]]>=2000,"Alto Valor","Regular") -> Regular
A13: 46048 | B13: =DATE(YEAR(tbVendas[[#This Row],[Data]]),MONTH(tbVendas[[#This Row],[Data]]),1) -> 46023 | C13: V0030 | D13: Bruno | E13: Centro-Oeste | F13: Loja | G13: P001 | H13: 1 | I13: 0.05 | J13: =_xlfn.XLOOKUP(tbVendas[[#This Row],[SKU]],tbProdutos[SKU],tbProdutos[Produto]) -> Notebook Basic | K13: =_xlfn.XLOOKUP(tbVendas[[#This Row],[SKU]],tbProdutos[SKU],tbProdutos[Categoria]) -> Informática | L13: =_xlfn.XLOOKUP(tbVendas[[#This Row],[SKU]],tbProdutos[SKU],tbProdutos[Preco_Unitario]) -> 2800 | M13: =tbVendas[[#This Row],[Quantidade]]*tbVendas[[#This Row],[Preco_Unitario]] -> 2800 | N13: =tbVendas[[#This Row],[Faturamento_Bruto]]*tbVendas[[#This Row],[Desconto_Pct]] -> 140 | O13: =tbVendas[[#This Row],[Faturamento_Bruto]]-tbVendas[[#This Row],[Valor_Desconto]] -> 2660 | P13: =IF(tbVendas[[#This Row],[Faturamento_Liquido]]>=2000,"Alto Valor","Regular") -> Alto Valor
... A61: 46200 | B61: =DATE(YEAR(tbVendas[[#This Row],[Data]]),MONTH(tbVendas[[#This Row],[Data]]),1) -> 46174 | C61: V0022 | D61: Bruno | E61: Centro-Oeste | F61: Online | G61: P003 | H61: 1 | I61: 0.05 | J61: =_xlfn.XLOOKUP(tbVendas[[#This Row],[SKU]],tbProdutos[SKU],tbProdutos[Produto]) -> Headset Pro | K61: =_xlfn.XLOOKUP(tbVendas[[#This Row],[SKU]],tbProdutos[SKU],tbProdutos[Categoria]) -> Acessórios | L61: =_xlfn.XLOOKUP(tbVendas[[#This Row],[SKU]],tbProdutos[SKU],tbProdutos[Preco_Unitario]) -> 220 | M61: =tbVendas[[#This Row],[Quantidade]]*tbVendas[[#This Row],[Preco_Unitario]] -> 220 | N61: =tbVendas[[#This Row],[Faturamento_Bruto]]*tbVendas[[#This Row],[Desconto_Pct]] -> 11 | O61: =tbVendas[[#This Row],[Faturamento_Bruto]]-tbVendas[[#This Row],[Valor_Desconto]] -> 209 | P61: =IF(tbVendas[[#This Row],[Faturamento_Liquido]]>=2000,"Alto Valor","Regular") -> Regular

Sheet Produtos
A1: SKU | B1: Produto | C1: Categoria | D1: Preco_Unitario
A2: P001 | B2: Notebook Basic | C2: Informática | D2: 2800
A3: P002 | B3: Monitor 24 | C3: Informática | D3: 850
A4: P003 | B4: Headset Pro | C4: Acessórios | D4: 220
A5: P004 | B5: Mouse Wireless | C5: Acessórios | D5: 95
A6: P005 | B6: Cadeira Office | C6: Escritório | D6: 690
A7: P006 | B7: Mesa Compacta | C7: Escritório | D7: 520

Sheet Analise_Formulas
A1: Faturamento por Região
A2: Região | B2: Valor | C2: QTD
A3: Sul | B3: =SUMIFS(tbVendas[Faturamento_Liquido],tbVendas[Regiao],Analise_Formulas!A3) -> 37318.25 | C3: =COUNTIFS(tbVendas[Regiao],Analise_Formulas!A3) -> 15
A4: Nordeste | B4: =SUMIFS(tbVendas[Faturamento_Liquido],tbVendas[Regiao],Analise_Formulas!A4) -> 26193.5 | C4: =COUNTIFS(tbVendas[Regiao],Analise_Formulas!A4) -> 15
A5: Centro-Oeste | B5: =SUMIFS(tbVendas[Faturamento_Liquido],tbVendas[Regiao],Analise_Formulas!A5) -> 31924 | C5: =COUNTIFS(tbVendas[Regiao],Analise_Formulas!A5) -> 15
A6: Sudeste | B6: =SUMIFS(tbVendas[Faturamento_Liquido],tbVendas[Regiao],Analise_Formulas!A6) -> 38326.5 | C6: =COUNTIFS(tbVendas[Regiao],Analise_Formulas!A6) -> 15
A8: Faturamento dos Vendedores
A9: Vendedor | B9: Valor | C9: QTD
A10: Diego | B10: =SUMIFS(tbVendas[Faturamento_Liquido],tbVendas[Vendedor],Analise_Formulas!A10) -> 37318.25 | C10: =COUNTIFS(tbVendas[Vendedor],Analise_Formulas!A10) -> 15
A11: Carla | B11: =SUMIFS(tbVendas[Faturamento_Liquido],tbVendas[Vendedor],Analise_Formulas!A11) -> 26193.5 | C11: =COUNTIFS(tbVendas[Vendedor],Analise_Formulas!A11) -> 15
A12: Bruno | B12: =SUMIFS(tbVendas[Faturamento_Liquido],tbVendas[Vendedor],Analise_Formulas!A12) -> 31924 | C12: =COUNTIFS(tbVendas[Vendedor],Analise_Formulas!A12) -> 15
A13: Ana | B13: =SUMIFS(tbVendas[Faturamento_Liquido],tbVendas[Vendedor],Analise_Formulas!A13) -> 38326.5 | C13: =COUNTIFS(tbVendas[Vendedor],Analise_Formulas!A13) -> 15
A15: Faturamento por Categoria
A16: Categoria | B16: Valor | C16: QTD
A17: Informática | B17: =SUMIFS(tbVendas[Faturamento_Liquido],tbVendas[Categoria],Analise_Formulas!A17) -> 103255 | C17: =COUNTIFS(tbVendas[Categoria],Analise_Formulas!A17) -> 25
A18: Acessórios | B18: =SUMIFS(tbVendas[Faturamento_Liquido],tbVendas[Categoria],Analise_Formulas!A18) -> 9550.75 | C18: =COUNTIFS(tbVendas[Categoria],Analise_Formulas!A18) -> 20
A19: Escritório | B19: =SUMIFS(tbVendas[Faturamento_Liquido],tbVendas[Categoria],Analise_Formulas!A19) -> 20956.5 | C19: =COUNTIFS(tbVendas[Categoria],Analise_Formulas!A19) -> 15

Sheet Analise_TB_Dinamica
A1: Regiao | B1: Soma de Faturamento_Liquido
A2: Centro-Oeste | B2: 31924
A3: Nordeste | B3: 26193.5
A4: Sudeste | B4: 38326.5
A5: Sul | B5: 37318.25
A6: Total Geral | B6: 133762.25
A8: Vendedor | B8: Soma de Faturamento_Liquido
A9: Ana | B9: 38326.5
A10: Bruno | B10: 31924
A11: Carla | B11: 26193.5
A12: Diego | B12: 37318.25
A13: Total Geral | B13: 133762.25
A15: Categoria | B15: Soma de Faturamento_Liquido
A16: Acessórios | B16: 9550.75
A17: Escritório | B17: 20956.5
A18: Informática | B18: 103255
A19: Total Geral | B19: 133762.25
A21: Mês | B21: Soma de Faturamento_Liquido
A22: JANEIRO | B22: 59176.5
A23: FEVEREIRO | B23: 8875.5
A24: MARÇO | B24: 15086.75
A25: ABRIL | B25: 22500.75
A26: JUNHO | B26: 11841.5
A27: JULHO | B27: 16281.25
A28: Total Geral | B28: 133762.25

Sheet Gráficos
